dataset,f1,method,param_candidate_count,param_check_layer,param_full_recompute_layer_count,param_oracle_receiver_full_kv,param_profiling_f1,param_profiling_latency_s,param_recompute_layer_count,param_recompute_layers,param_recompute_work_ratio,param_reference_mode,param_selected_count,param_selected_fraction,param_token_recompute_ratio,prefill_latency_s_mean,prefill_latency_s_p50,prefill_latency_s_p95,samples
hotpotqa_50,0.8003809523809522,receiver_full,,,,True,,,,,,,,,,0.051334664337337015,0.040138404816389084,0.08446917003020644,50
hotpotqa_50,0.07471428571428572,full_kv_reuse,,,,False,,,,,,,,,,0.024739938862621783,0.02473899768665433,0.026024788850918412,50
hotpotqa_50,0.2919267399267399,droidspeak_layers_12_13,,,,False,0.26541290429662523,0.03524902787990868,2,"[12, 13]",,,,,,0.028855693154037,0.02790309814736247,0.029624586133286356,50
hotpotqa_50,0.48158851674641157,droidspeak_layers_14_17,,,,False,0.4551417082357732,0.03771725999191403,4,"[14, 17]",,,,,,0.029969770926982164,0.02975671412423253,0.031932589551433924,50
hotpotqa_50,0.6387965367965369,droidspeak_layers_12_17,,,,False,0.6182039072039074,0.04011740500107407,6,"[12, 17]",,,,,,0.03220630748197437,0.03103818465024233,0.035719011910259724,50
hotpotqa_50,0.6608571428571429,droidspeak_layers_12_19,,,,False,0.6537586273375748,0.04258337010629475,8,"[12, 19]",,,,,,0.03459231337532401,0.03319853311404586,0.03906976748257875,50
hotpotqa_50,0.7536776556776558,droidspeak_layers_10_19,,,,False,0.7423838319202261,0.04520713660866022,10,"[10, 19]",,,,,,0.03691849054768682,0.03489760356023908,0.04215863402932882,50
hotpotqa_50,0.7557142857142857,droidspeak_layers_10_21,,,,False,0.7454436090225565,0.04771264833398163,12,"[10, 21]",,,,,,0.03922392347827554,0.03670417796820402,0.046148408297449345,50
hotpotqa_50,0.7727619047619048,droidspeak_layers_08_21,,,,False,0.7688658008658008,0.05013351809233427,14,"[8, 21]",,,,,,0.04169967290014029,0.038427155930548906,0.049849636759608976,50
hotpotqa_50,0.7937142857142857,droidspeak_layers_10_25,,,,False,0.7937142857142857,0.052673409590497614,16,"[10, 25]",,,,,,0.044316607527434826,0.04054742818698287,0.05465269116684794,50
hotpotqa_50,0.787047619047619,droidspeak_layers_10_27,,,,False,0.787047619047619,0.05546192667447031,18,"[10, 27]",,,,,,0.04696750873699784,0.042542149778455496,0.05961450920440255,50
hotpotqa_50,0.7937142857142857,droidspeak_layers_06_25,,,,False,0.7937142857142857,0.05806478277780116,20,"[6, 25]",,,,,,0.04981150902807713,0.04455822054296732,0.06388602470979093,50
hotpotqa_50,0.7950476190476191,droidspeak_layers_10_31,,,,False,0.7950476190476191,0.06418129810132087,22,"[10, 31]",,,,,,0.05236651975661516,0.0468826312571764,0.0674041394609958,50
hotpotqa_50,0.8003809523809522,droidspeak_layers_02_25,,,,False,0.8003809523809522,0.06354750830680132,24,"[2, 25]",,,,,,0.05514496782794595,0.04865893488749862,0.07545133694075046,50
hotpotqa_50,0.8003809523809524,droidspeak_layers_06_31,,,,False,0.8003809523809524,0.06614669017493725,26,"[6, 31]",,,,,,0.058232224341481925,0.05101272091269493,0.08055031881667672,50
hotpotqa_50,0.8203809523809524,droidspeak_layers_04_31,,,,False,0.8203809523809524,0.07233870760537683,28,"[4, 31]",,,,,,0.0614104270003736,0.0533576812595129,0.08571279249154029,50
hotpotqa_50,0.8270476190476189,droidspeak_layers_02_31,,,,False,0.8270476190476189,0.07243136474862695,30,"[2, 31]",,,,,,0.06408620867878198,0.05482226936146617,0.08967188647948204,50
hotpotqa_50,0.8003809523809522,droidspeak_layers_00_31,,,,False,0.8003809523809522,0.07048296926543117,32,"[0, 31]",,,,,,0.06465183675289154,0.055041102692484856,0.09279858232475816,50
hotpotqa_50,0.19238095238095237,token_only_ratio_0p200,177,0,1,False,,,,"[0, 0]",0.225,False,35,0.1977401129943503,0.2,0.05647068507969379,0.055691756308078766,0.057475574081763625,50
hotpotqa_50,0.4411428571428571,hybrid_layers_12_13_ratio_0p200,177,0,3,False,,,2,"[12, 13]",0.275,False,35,0.1977401129943503,0.2,0.05512330122292042,0.05491385888308287,0.055780730117112404,50
hotpotqa_50,0.5997142857142858,hybrid_layers_14_17_ratio_0p200,177,0,5,False,,,4,"[14, 17]",0.325,False,35,0.1977401129943503,0.2,0.054919477943331005,0.05449353763833642,0.05607953080907464,50
hotpotqa_50,0.6403809523809525,hybrid_layers_12_17_ratio_0p200,177,0,7,False,,,6,"[12, 17]",0.375,False,35,0.1977401129943503,0.2,0.05508166845887899,0.0542464517056942,0.05714647690765559,50
hotpotqa_50,0.6775238095238096,hybrid_layers_12_19_ratio_0p200,177,0,9,False,,,8,"[12, 19]",0.42500000000000004,False,35,0.1977401129943503,0.2,0.05538505118340254,0.05396445142105222,0.06008997638709843,50
hotpotqa_50,0.7175238095238096,hybrid_layers_10_19_ratio_0p200,177,0,11,False,,,10,"[10, 19]",0.475,False,35,0.1977401129943503,0.2,0.05570167290046811,0.054087597876787186,0.06158954622223973,50
hotpotqa_50,0.7403809523809524,hybrid_layers_10_21_ratio_0p200,177,0,13,False,,,12,"[10, 21]",0.525,False,35,0.1977401129943503,0.2,0.05629969652742148,0.05394239956513047,0.06383266942575573,50
hotpotqa_50,0.7803809523809524,hybrid_layers_08_21_ratio_0p200,177,0,15,False,,,14,"[8, 21]",0.575,False,35,0.1977401129943503,0.2,0.057081450819969175,0.05314731691032648,0.06986407805234193,50
hotpotqa_50,0.7403809523809524,hybrid_layers_10_25_ratio_0p200,177,0,17,False,,,16,"[10, 25]",0.625,False,35,0.1977401129943503,0.2,0.057958580423146486,0.053692006040364504,0.07027854570187628,50
hotpotqa_50,0.7403809523809524,hybrid_layers_10_27_ratio_0p200,177,0,19,False,,,18,"[10, 27]",0.675,False,35,0.1977401129943503,0.2,0.05896159032359719,0.05530492961406708,0.07392354030162095,50
hotpotqa_50,0.7937142857142857,hybrid_layers_06_25_ratio_0p200,177,0,21,False,,,20,"[6, 25]",0.725,False,35,0.1977401129943503,0.2,0.05978834638372064,0.05362108023837209,0.07746588746085761,50
hotpotqa_50,0.7070476190476191,hybrid_layers_10_31_ratio_0p200,177,0,23,False,,,22,"[10, 31]",0.775,False,35,0.1977401129943503,0.2,0.06113721277564764,0.054763360414654016,0.07978346399031577,50
hotpotqa_50,0.8003809523809522,hybrid_layers_02_25_ratio_0p200,177,0,25,False,,,24,"[2, 25]",0.825,False,35,0.1977401129943503,0.2,0.061496708281338214,0.053985214326530695,0.08378233797848222,50
hotpotqa_50,0.8203809523809524,hybrid_layers_06_31_ratio_0p200,177,0,27,False,,,26,"[6, 31]",0.875,False,35,0.1977401129943503,0.2,0.063218844383955,0.05568606127053499,0.0864041522145271,50
hotpotqa_50,0.8270476190476189,hybrid_layers_04_31_ratio_0p200,177,0,29,False,,,28,"[4, 31]",0.925,False,35,0.1977401129943503,0.2,0.06435139194130897,0.05567660601809621,0.09035210148431361,50
hotpotqa_50,0.8270476190476189,hybrid_layers_02_31_ratio_0p200,177,0,31,False,,,30,"[2, 31]",0.975,False,35,0.1977401129943503,0.2,0.06553188629448414,0.05586791504174471,0.09398644678294657,50
hotpotqa_50,0.8003809523809522,hybrid_layers_00_31_ratio_0p200,177,0,32,False,,,32,"[0, 31]",1.0,False,35,0.1977401129943503,0.2,0.06647896029055118,0.05973971961066127,0.09554453459568321,50
